scenario_name,scenario_label,num_high,num_low,high_fraction,simulation_seed,total_time,fairness_gap_time,near_collisions,mean_congestion,all_evacuated,remaining_agents
balanced_50_50,Default (50% high / 50% low),20,20,0.5,11,46.2,5.425000000000001,86.0,1.803030303030303,True,0
balanced_50_50,Default (50% high / 50% low),20,20,0.5,29,41.6,10.625,12.0,1.4206730769230769,True,0
balanced_50_50,Default (50% high / 50% low),20,20,0.5,47,33.5,9.345,14.0,1.773134328358209,True,0
balanced_50_50,Default (50% high / 50% low),20,20,0.5,53,29.5,6.169999999999999,17.0,2.471186440677966,True,0
balanced_50_50,Default (50% high / 50% low),20,20,0.5,61,40.1,9.065000000000001,12.0,1.6059850374064837,True,0
balanced_50_50,Default (50% high / 50% low),20,20,0.5,73,31.6,8.36,13.0,2.018987341772152,True,0
balanced_50_50,Default (50% high / 50% low),20,20,0.5,89,37.6,13.214999999999998,7.0,1.553191489361702,True,0
balanced_50_50,Default (50% high / 50% low),20,20,0.5,97,46.0,12.555,62.0,1.2804347826086957,True,0
balanced_50_50,Default (50% high / 50% low),20,20,0.5,101,32.0,8.575000000000001,25.0,2.21875,True,0
balanced_50_50,Default (50% high / 50% low),20,20,0.5,109,35.9,13.754999999999999,13.0,1.860724233983287,True,0
balanced_50_50,Default (50% high / 50% low),20,20,0.5,113,50.300000000000004,7.825,100.0,1.3658051689860835,True,0
balanced_50_50,Default (50% high / 50% low),20,20,0.5,127,41.7,11.545000000000002,34.0,1.474820143884892,True,0
balanced_50_50,Default (50% high / 50% low),20,20,0.5,131,43.1,16.855,25.0,1.6241299303944317,True,0
balanced_50_50,Default (50% high / 50% low),20,20,0.5,137,38.1,12.765,40.0,1.9396325459317585,True,0
balanced_50_50,Default (50% high / 50% low),20,20,0.5,139,43.1,13.910000000000004,68.0,1.6241299303944317,True,0
balanced_50_50,Default (50% high / 50% low),20,20,0.5,149,47.5,12.195,45.0,1.52,True,0
balanced_50_50,Default (50% high / 50% low),20,20,0.5,151,35.0,14.15,8.0,1.6657142857142857,True,0
balanced_50_50,Default (50% high / 50% low),20,20,0.5,157,36.5,12.55,11.0,1.63013698630137,True,0
balanced_50_50,Default (50% high / 50% low),20,20,0.5,163,30.900000000000002,6.25,28.0,2.4789644012944985,True,0
balanced_50_50,Default (50% high / 50% low),20,20,0.5,167,46.2,12.41,228.0,1.7835497835497836,True,0
balanced_50_50,Default (50% high / 50% low),20,20,0.5,173,53.300000000000004,13.045,88.0,1.3677298311444652,True,0
balanced_50_50,Default (50% high / 50% low),20,20,0.5,179,31.6,7.3500000000000005,13.0,1.9367088607594938,True,0
balanced_50_50,Default (50% high / 50% low),20,20,0.5,181,35.800000000000004,8.795000000000002,29.0,1.958100558659218,True,0
balanced_50_50,Default (50% high / 50% low),20,20,0.5,191,35.7,11.835,53.0,1.938375350140056,True,0
balanced_50_50,Default (50% high / 50% low),20,20,0.5,193,40.400000000000006,15.79,45.0,2.160891089108911,True,0
balanced_50_50,Default (50% high / 50% low),20,20,0.5,197,39.400000000000006,13.615000000000002,7.0,1.8604060913705585,True,0
balanced_50_50,Default (50% high / 50% low),20,20,0.5,199,39.300000000000004,7.81,66.0,1.5063613231552162,True,0
balanced_50_50,Default (50% high / 50% low),20,20,0.5,211,37.2,13.530000000000001,60.0,2.2580645161290325,True,0
balanced_50_50,Default (50% high / 50% low),20,20,0.5,223,47.800000000000004,9.705000000000002,73.0,1.9267782426778242,True,0
balanced_50_50,Default (50% high / 50% low),20,20,0.5,227,40.900000000000006,14.55,32.0,1.9559902200488997,True,0
high_dominant_80_20,High-mobility dominant (80% / 20%),32,8,0.8,11,36.6,5.121875,191.0,1.721311475409836,True,0
high_dominant_80_20,High-mobility dominant (80% / 20%),32,8,0.8,29,32.7,13.671875,35.0,1.7675840978593271,True,0
high_dominant_80_20,High-mobility dominant (80% / 20%),32,8,0.8,47,29.3,6.96875,45.0,1.6552901023890785,True,0
high_dominant_80_20,High-mobility dominant (80% / 20%),32,8,0.8,53,27.5,8.603125,64.0,2.0072727272727273,True,0
high_dominant_80_20,High-mobility dominant (80% / 20%),32,8,0.8,61,33.1,14.025,29.0,1.9003021148036254,True,0
high_dominant_80_20,High-mobility dominant (80% / 20%),32,8,0.8,73,29.0,11.193750000000001,33.0,1.6172413793103448,True,0
high_dominant_80_20,High-mobility dominant (80% / 20%),32,8,0.8,89,38.6,13.6875,45.0,1.645077720207254,True,0
high_dominant_80_20,High-mobility dominant (80% / 20%),32,8,0.8,97,35.6,9.821875,77.0,1.3342696629213484,True,0
high_dominant_80_20,High-mobility dominant (80% / 20%),32,8,0.8,101,28.8,10.378125,68.0,1.6979166666666667,True,0
high_dominant_80_20,High-mobility dominant (80% / 20%),32,8,0.8,109,31.200000000000003,11.059375000000001,86.0,1.4967948717948718,True,0
high_dominant_80_20,High-mobility dominant (80% / 20%),32,8,0.8,113,34.6,9.515625,72.0,1.369942196531792,True,0
high_dominant_80_20,High-mobility dominant (80% / 20%),32,8,0.8,127,31.6,10.959375000000001,94.0,1.7943037974683544,True,0
high_dominant_80_20,High-mobility dominant (80% / 20%),32,8,0.8,131,27.6,8.028125000000001,23.0,1.8804347826086956,True,0
high_dominant_80_20,High-mobility dominant (80% / 20%),32,8,0.8,137,100.0,11.075403225806452,50.0,0.52,False,1
high_dominant_80_20,High-mobility dominant (80% / 20%),32,8,0.8,139,27.400000000000002,6.675000000000001,32.0,1.905109489051095,True,0
high_dominant_80_20,High-mobility dominant (80% / 20%),32,8,0.8,149,29.400000000000002,10.5,65.0,1.8673469387755102,True,0
high_dominant_80_20,High-mobility dominant (80% / 20%),32,8,0.8,151,30.3,10.884375,37.0,1.8382838283828382,True,0
high_dominant_80_20,High-mobility dominant (80% / 20%),32,8,0.8,157,30.700000000000003,12.303125000000001,80.0,1.5570032573289903,True,0
high_dominant_80_20,High-mobility dominant (80% / 20%),32,8,0.8,163,32.4,10.615625000000001,59.0,1.6697530864197532,True,0
high_dominant_80_20,High-mobility dominant (80% / 20%),32,8,0.8,167,33.9,9.4625,52.0,1.5958702064896755,True,0
high_dominant_80_20,High-mobility dominant (80% / 20%),32,8,0.8,173,32.1,8.28125,29.0,1.5077881619937694,True,0
high_dominant_80_20,High-mobility dominant (80% / 20%),32,8,0.8,179,29.900000000000002,7.921875,47.0,2.5016722408026757,True,0
high_dominant_80_20,High-mobility dominant (80% / 20%),32,8,0.8,181,29.1,10.621875000000001,86.0,1.6357388316151202,True,0
high_dominant_80_20,High-mobility dominant (80% / 20%),32,8,0.8,191,37.1,12.631250000000001,31.0,1.4204851752021563,True,0
high_dominant_80_20,High-mobility dominant (80% / 20%),32,8,0.8,193,26.8,11.568750000000001,35.0,2.0708955223880596,True,0
high_dominant_80_20,High-mobility dominant (80% / 20%),32,8,0.8,197,31.1,10.853125,29.0,1.495176848874598,True,0
high_dominant_80_20,High-mobility dominant (80% / 20%),32,8,0.8,199,30.3,9.334375,76.0,1.528052805280528,True,0
high_dominant_80_20,High-mobility dominant (80% / 20%),32,8,0.8,211,35.1,14.796875,137.0,1.6837606837606838,True,0
high_dominant_80_20,High-mobility dominant (80% / 20%),32,8,0.8,223,27.700000000000003,7.078125,52.0,2.303249097472924,True,0
high_dominant_80_20,High-mobility dominant (80% / 20%),32,8,0.8,227,29.400000000000002,11.506250000000001,50.0,1.989795918367347,True,0
low_dominant_20_80,Low-mobility dominant / ICU-like (20% / 80%),8,32,0.2,11,39.2,9.01875,17.0,1.8520408163265305,True,0
low_dominant_20_80,Low-mobility dominant / ICU-like (20% / 80%),8,32,0.2,29,44.6,6.015625,39.0,2.1569506726457397,True,0
low_dominant_20_80,Low-mobility dominant / ICU-like (20% / 80%),8,32,0.2,47,43.5,11.5875,7.0,1.6413793103448275,True,0
low_dominant_20_80,Low-mobility dominant / ICU-like (20% / 80%),8,32,0.2,53,38.5,5.6000000000000005,2.0,1.9402597402597404,True,0
low_dominant_20_80,Low-mobility dominant / ICU-like (20% / 80%),8,32,0.2,61,60.900000000000006,21.44375,56.0,1.1888341543513958,True,0
low_dominant_20_80,Low-mobility dominant / ICU-like (20% / 80%),8,32,0.2,73,47.400000000000006,13.856250000000001,29.0,2.0168776371308015,True,0
low_dominant_20_80,Low-mobility dominant / ICU-like (20% / 80%),8,32,0.2,89,40.2,7.5125,9.0,2.199004975124378,True,0
low_dominant_20_80,Low-mobility dominant / ICU-like (20% / 80%),8,32,0.2,97,62.300000000000004,12.671875,42.0,1.2792937399678972,True,0
low_dominant_20_80,Low-mobility dominant / ICU-like (20% / 80%),8,32,0.2,101,44.5,10.9375,10.0,2.1258426966292134,True,0
low_dominant_20_80,Low-mobility dominant / ICU-like (20% / 80%),8,32,0.2,109,47.0,16.7,45.0,2.2893617021276595,True,0
low_dominant_20_80,Low-mobility dominant / ICU-like (20% / 80%),8,32,0.2,113,55.2,1.50625,100.0,2.0905797101449277,True,0
low_dominant_20_80,Low-mobility dominant / ICU-like (20% / 80%),8,32,0.2,127,45.900000000000006,16.45625,79.0,2.24400871459695,True,0
low_dominant_20_80,Low-mobility dominant / ICU-like (20% / 80%),8,32,0.2,131,50.300000000000004,11.287500000000001,27.0,1.411530815109344,True,0
low_dominant_20_80,Low-mobility dominant / ICU-like (20% / 80%),8,32,0.2,137,49.1,16.60625,10.0,1.7433808553971486,True,0
low_dominant_20_80,Low-mobility dominant / ICU-like (20% / 80%),8,32,0.2,139,43.1,12.80625,15.0,2.0812064965197217,True,0
low_dominant_20_80,Low-mobility dominant / ICU-like (20% / 80%),8,32,0.2,149,47.0,11.090625000000001,39.0,1.8851063829787233,True,0
low_dominant_20_80,Low-mobility dominant / ICU-like (20% / 80%),8,32,0.2,151,46.5,13.490625000000001,22.0,2.1032258064516127,True,0
low_dominant_20_80,Low-mobility dominant / ICU-like (20% / 80%),8,32,0.2,157,47.5,16.587500000000002,35.0,2.357894736842105,True,0
low_dominant_20_80,Low-mobility dominant / ICU-like (20% / 80%),8,32,0.2,163,37.9,4.9625,6.0,2.4142480211081794,True,0
low_dominant_20_80,Low-mobility dominant / ICU-like (20% / 80%),8,32,0.2,167,62.300000000000004,11.878125,266.0,2.298555377207063,True,0
low_dominant_20_80,Low-mobility dominant / ICU-like (20% / 80%),8,32,0.2,173,58.400000000000006,18.984375,13.0,1.5565068493150684,True,0
low_dominant_20_80,Low-mobility dominant / ICU-like (20% / 80%),8,32,0.2,179,47.400000000000006,14.606250000000001,15.0,1.8080168776371308,True,0
low_dominant_20_80,Low-mobility dominant / ICU-like (20% / 80%),8,32,0.2,181,53.800000000000004,9.109375,37.0,1.754646840148699,True,0
low_dominant_20_80,Low-mobility dominant / ICU-like (20% / 80%),8,32,0.2,191,44.6,8.053125,30.0,2.091928251121076,True,0
low_dominant_20_80,Low-mobility dominant / ICU-like (20% / 80%),8,32,0.2,193,46.800000000000004,17.3625,19.0,2.282051282051282,True,0
low_dominant_20_80,Low-mobility dominant / ICU-like (20% / 80%),8,32,0.2,197,40.2,15.090625000000001,10.0,1.7935323383084578,True,0
low_dominant_20_80,Low-mobility dominant / ICU-like (20% / 80%),8,32,0.2,199,45.1,7.7093750000000005,36.0,1.875831485587583,True,0
low_dominant_20_80,Low-mobility dominant / ICU-like (20% / 80%),8,32,0.2,211,47.800000000000004,8.26875,23.0,1.8598326359832635,True,0
low_dominant_20_80,Low-mobility dominant / ICU-like (20% / 80%),8,32,0.2,223,39.2,9.95625,90.0,2.7346938775510203,True,0
low_dominant_20_80,Low-mobility dominant / ICU-like (20% / 80%),8,32,0.2,227,46.300000000000004,11.86875,13.0,1.550755939524838,True,0
