method,generation,individual_id,fitness,total_time,near_collisions,mean_congestion,peak_congestion,mean_high_time,mean_low_time,fairness_gap_time,all_evacuated,remaining_agents,layout,num_high,num_low,seed_list,params,per_seed_fitnesses,per_seed_total_times
default,0,0,24.40963473239546,13.566666666666668,47.333333333333336,1.5163013990621248,5.0,2.4433333333333334,5.923333333333335,3.4800000000000004,True,0.0,standard,30,10,"[11, 29, 47]","[2.0, 1.0, 0.5, 2.0, 0.5, 1.0]","[26.651666666666664, 21.845464480874316, 24.731773049645394]","[14.4, 12.200000000000001, 14.100000000000001]"
heuristic_1,0,0,33.60134088261145,21.8,24.666666666666668,1.3568964381670063,5.333333333333333,3.4077777777777776,8.013333333333334,4.605555555555555,True,0.0,standard,30,10,"[11, 29, 47]","[1.8, 0.9, 1.2, 2.2, 0.7, 1.0]","[32.05428571428571, 31.004384236453205, 37.745352697095434]","[21.0, 20.3, 24.1]"
heuristic_2,0,1,23.720782731764523,14.433333333333332,24.666666666666668,1.1230049539867466,4.333333333333333,2.3911111111111114,5.8566666666666665,3.4655555555555555,True,0.0,standard,30,10,"[11, 29, 47]","[2.4, 1.1, 0.9, 1.6, 0.9, 1.2]","[24.44965517241379, 21.298822055137848, 25.41387096774194]","[14.5, 13.3, 15.5]"
random,0,0,19.20666666666667,12.600000000000001,16.0,0.0,0.0,1.5,4.403333333333333,2.9033333333333338,True,0.0,standard,30,10,"[11, 29, 47]","[3.3279568073944543, 1.8624625369423615, 2.4688478097763036, 2.313525415707673, 2.823696885022744, 1.8508628635418067]","[21.196666666666665, 15.143333333333336, 21.28]","[13.5, 10.700000000000001, 13.600000000000001]"
random,0,1,1101.7425320197044,50.0,28.666666666666668,2.038,6.333333333333333,4.450996168582376,4.966825396825397,0.8022660098522164,False,4.666666666666667,standard,30,10,"[11, 29, 47]","[3.446604801222832, 0.7819127797024589, 1.9002184530853303, 2.9048875831478003, 4.795745929420964, 1.0769551955466]","[1115.0833103448276, 1094.0782857142858, 1096.066]","[50.0, 50.0, 50.0]"
random,0,2,28.895272904483427,19.333333333333332,15.0,0.8052729044834308,4.0,3.19,7.193333333333334,4.003333333333333,True,0.0,standard,30,10,"[11, 29, 47]","[3.8969489312716656, 1.1107325955897949, 4.471042764701724, 2.7528485415603234, 0.8924436123357669, 1.8846701775423649]","[30.185, 24.14730994152047, 32.353508771929825]","[20.0, 17.1, 20.900000000000002]"
random,0,3,1094.8324444444445,50.0,33.0,1.6580000000000001,4.333333333333333,2.465555555555556,3.227777777777778,0.7622222222222224,False,4.0,standard,30,10,"[11, 29, 47]","[3.840457389618836, 1.113328231045459, 1.7665596646617685, 1.0450152040961407, 4.277354905253864, 1.67100246416183]","[1094.0126666666667, 1094.3906666666667, 1096.094]","[50.0, 50.0, 50.0]"
random,0,4,25.320307665811022,15.033333333333333,16.333333333333332,1.645863221366577,5.666666666666667,2.5811111111111114,6.493333333333333,3.9122222222222223,True,0.0,standard,30,10,"[11, 29, 47]","[4.949261376709117, 0.8763561793729966, 1.9655904314174122, 2.1177705013849772, 0.43714253175933215, 1.6532089958043747]","[25.2779418344519, 24.48207207207207, 26.200909090909093]","[14.9, 14.8, 15.4]"
random,0,5,21.719703787026624,12.566666666666668,20.666666666666668,1.2863704536932883,4.333333333333333,2.14,5.5566666666666675,3.4166666666666665,True,0.0,standard,30,10,"[11, 29, 47]","[2.993194371882504, 1.1001422631861602, 1.2112353201020076, 1.0161546114710767, 0.7484008289054546, 1.8091044306556376]","[20.903333333333336, 22.133809523809525, 22.12196850393701]","[12.4, 12.600000000000001, 12.700000000000001]"
random,0,6,26.702498622888946,14.799999999999999,19.333333333333332,2.3691652895556112,6.666666666666667,2.5600000000000005,6.843333333333334,4.283333333333334,True,0.0,standard,30,10,"[11, 29, 47]","[4.660037938223581, 0.7364129485981732, 1.6269327592539968, 1.2963383122126142, 0.7702469247587272, 1.1706729092133665]","[25.647156177156177, 28.128684210526316, 26.33165548098434]","[14.3, 15.200000000000001, 14.9]"
random,0,7,1102.5227301587302,50.0,47.666666666666664,4.520666666666666,7.333333333333333,6.638888888888889,7.0304761904761905,1.1426984126984125,False,4.333333333333333,standard,30,10,"[11, 29, 47]","[2.850612830414764, 0.647369781624171, 4.539661612444846, 0.5196394735175334, 1.608933241541287, 0.8202951692367363]","[1109.1633333333334, 1089.3315238095238, 1109.0733333333333]","[50.0, 50.0, 50.0]"
random,0,8,1151.0607513227512,50.0,17.0,2.5366666666666666,7.0,7.891407407407409,4.05436507936508,3.837042328042329,False,9.0,standard,30,10,"[11, 29, 47]","[2.188038979990134, 0.5466348487509828, 4.663398571356765, 1.9249236827586897, 2.407137050336261, 1.6207940156399858]","[1150.4074074074074, 1121.1241798941799, 1181.6506666666667]","[50.0, 50.0, 50.0]"
random,0,9,20.335555555555555,13.600000000000001,12.666666666666666,0.0,0.0,2.178888888888889,5.23,3.0511111111111107,True,0.0,standard,30,10,"[11, 29, 47]","[4.336652591120656, 1.4996894679161565, 4.124348779091085, 1.9575035644550915, 0.6982862608302215, 1.7499742171595103]","[20.863333333333333, 17.68, 22.463333333333335]","[13.9, 12.700000000000001, 14.200000000000001]"
random,0,10,20.424456369126617,10.966666666666667,38.666666666666664,0.77112303579328,4.666666666666667,1.656666666666667,5.033333333333333,3.376666666666667,True,0.0,standard,30,10,"[11, 29, 47]","[4.051273156299861, 1.2595102504752598, 0.6312124741338969, 2.616515668924486, 0.9335760046048079, 0.7378835885736322]","[21.046666666666667, 19.65685534591195, 20.569847094801226]","[11.4, 10.600000000000001, 10.9]"
random,0,11,23.2,16.3,28.666666666666668,0.0,0.0,2.7899999999999996,5.523333333333333,2.733333333333333,True,0.0,standard,30,10,"[11, 29, 47]","[0.7146140412379189, 1.7205446031701093, 1.2359874170559326, 2.1189307279155023, 2.6287403433959304, 0.8294847161036578]","[26.0, 16.363333333333337, 27.236666666666665]","[17.7, 13.600000000000001, 17.6]"
random,0,12,27.68888888888889,20.433333333333334,14.0,0.0,0.0,3.755555555555556,7.033333333333334,3.277777777777778,True,0.0,standard,30,10,"[11, 29, 47]","[0.5960427702223228, 1.5019053042906725, 2.786840382632618, 2.3285113783728004, 0.14610566346530046, 0.8184147228326842]","[31.643333333333338, 20.67666666666667, 30.74666666666667]","[22.6, 17.400000000000002, 21.3]"
random,0,13,1159.4670727969349,50.0,219.0,4.129333333333333,10.0,4.832758620689656,2.638888888888889,2.1938697318007665,False,9.0,standard,30,10,"[11, 29, 47]","[3.039423032588465, 0.6146551855254057, 0.5224851868878934, 2.8664308675349837, 3.9172254181193567, 1.005461855726112]","[1174.916551724138, 1155.7140952380953, 1147.7705714285714]","[50.0, 50.0, 50.0]"
random,0,14,1101.6839047619048,50.0,22.666666666666668,1.8053333333333335,7.0,3.6400000000000006,3.382619047619048,1.0392857142857144,False,4.666666666666667,standard,30,10,"[11, 29, 47]","[3.3008130002667806, 0.6538256057320594, 1.4247261140957028, 2.6092586841526235, 1.9026120570783929, 1.9615693881238667]","[1103.8273333333334, 1085.2277142857142, 1115.9966666666667]","[50.0, 50.0, 50.0]"
random,0,15,1091.0695599343187,50.0,72.33333333333333,0.128,2.0,3.2648275862068967,2.9357142857142855,0.32911330049261084,False,3.6666666666666665,standard,30,10,"[11, 29, 47]","[0.7303348702756762, 1.3574581344644843, 0.4476528581577266, 2.9955283128626276, 2.4837578312164057, 1.5064743925007762]","[1083.6264761904763, 1094.903536945813, 1094.6786666666667]","[50.0, 50.0, 50.0]"
random,0,16,1064.9377777777777,50.0,18.0,0.0,0.0,2.214444444444444,4.233333333333334,2.0188888888888887,False,1.0,standard,30,10,"[11, 29, 47]","[2.7831078880241793, 1.5198036035468405, 2.7035236634464423, 0.9518266523046893, 2.759619980969481, 1.6093845768193016]","[1066.4666666666667, 1062.3533333333332, 1065.9933333333333]","[50.0, 50.0, 50.0]"
random,0,17,1090.429671957672,50.0,22.0,1.2286666666666666,5.333333333333333,4.202619047619048,4.904232804232804,0.717169312169312,False,3.6666666666666665,standard,30,10,"[11, 29, 47]","[2.5015181158853417, 0.8910739232412106, 3.980841989138474, 2.6622754644154547, 4.355444179196521, 1.1658115033988632]","[1094.4622857142856, 1084.9120634920635, 1091.9146666666666]","[50.0, 50.0, 50.0]"
ga,0,0,24.40963473239546,13.566666666666668,47.333333333333336,1.5163013990621248,5.0,2.4433333333333334,5.923333333333335,3.4800000000000004,True,0.0,standard,30,10,"[11, 29, 47]","[2.0, 1.0, 0.5, 2.0, 0.5, 1.0]","[26.651666666666664, 21.845464480874316, 24.731773049645394]","[14.4, 12.200000000000001, 14.100000000000001]"
ga,0,1,1091.8435873015871,50.0,26.666666666666668,2.6286666666666667,8.333333333333334,2.9600000000000004,5.234126984126984,2.2741269841269838,False,3.3333333333333335,standard,30,10,"[11, 29, 47]","[3.4435241299159034, 0.5807315282033341, 1.179763376585796, 0.9609295267466742, 0.9619389153166488, 1.7181417599836606]","[1087.4867619047618, 1092.5406666666668, 1095.5033333333333]","[50.0, 50.0, 50.0]"
ga,0,2,35.07064287584782,22.633333333333336,20.666666666666668,1.212865098070034,5.0,3.4277777777777776,8.523333333333333,5.095555555555555,True,0.0,standard,30,10,"[11, 29, 47]","[4.624390490332576, 0.9148615966956594, 4.11679735180571, 2.7247317327779648, 2.6135552306247063, 0.8674469016031947]","[36.05312775330397, 31.06299840510367, 38.095802469135805]","[22.700000000000003, 20.900000000000002, 24.3]"
ga,0,3,1065.6965162241888,40.86666666666667,22.333333333333332,1.4215162241887906,6.0,3.8766666666666665,8.355833333333335,4.479166666666667,False,1.3333333333333333,standard,30,10,"[11, 29, 47]","[4.1387838208773156, 0.8206444450626432, 3.7331885559500777, 2.074850511474202, 4.644295566773319, 0.8478622829096283]","[1077.439, 31.079882005899705, 1088.5706666666667]","[50.0, 22.6, 50.0]"
ga,0,4,24.42208161767019,14.200000000000001,32.333333333333336,0.8209705065590781,3.6666666666666665,1.7611111111111113,5.653333333333333,3.8922222222222227,True,0.0,standard,30,10,"[11, 29, 47]","[4.015713130238407, 1.2772475552790712, 1.2346225616036308, 0.9147599831018614, 2.53916594563919, 1.37408696092298]","[23.38756690997567, 23.264356955380578, 26.61432098765432]","[13.700000000000001, 12.700000000000001, 16.2]"
ga,0,5,1391.855761904762,50.0,26.666666666666668,5.342666666666666,8.333333333333334,2.054365079365079,1.3250000000000002,0.9232142857142858,False,33.333333333333336,standard,30,10,"[11, 29, 47]","[1.0032561383995509, 0.5223423751403484, 2.408552821563258, 2.3206083204581542, 4.601142409690362, 1.438301008603196]","[1379.450857142857, 1496.542, 1397.728]","[50.0, 50.0, 50.0]"
ga,1,0,24.40963473239546,13.566666666666668,47.333333333333336,1.5163013990621248,5.0,2.4433333333333334,5.923333333333335,3.4800000000000004,True,0.0,standard,30,10,"[11, 29, 47]","[2.0, 1.0, 0.5, 2.0, 0.5, 1.0]","[26.651666666666664, 21.845464480874316, 24.731773049645394]","[14.4, 12.200000000000001, 14.100000000000001]"
ga,1,1,24.42208161767019,14.200000000000001,32.333333333333336,0.8209705065590781,3.6666666666666665,1.7611111111111113,5.653333333333333,3.8922222222222227,True,0.0,standard,30,10,"[11, 29, 47]","[4.015713130238407, 1.2772475552790712, 1.2346225616036308, 0.9147599831018614, 2.53916594563919, 1.37408696092298]","[23.38756690997567, 23.264356955380578, 26.61432098765432]","[13.700000000000001, 12.700000000000001, 16.2]"
ga,1,2,25.22096208169971,14.533333333333333,21.666666666666668,1.5798509705886,5.666666666666667,2.354444444444445,6.366666666666667,4.012222222222223,True,0.0,standard,30,10,"[11, 29, 47]","[4.091753521355571, 0.9263364048642375, 1.2698667387600495, 2.283767892163701, 0.6510913140595375, 0.9226899416304505]","[26.215525114155255, 23.89085106382979, 25.556510067114097]","[14.600000000000001, 14.100000000000001, 14.9]"
ga,1,3,35.88245643465609,24.5,17.666666666666668,0.9324564346560896,5.0,3.7566666666666664,8.540000000000001,4.783333333333334,True,0.0,standard,30,10,"[11, 29, 47]","[2.546381417813968, 0.9968270711243282, 3.0337911638338797, 2.3427676099717782, 2.4624639165651687, 0.9447569599727441]","[37.11430894308943, 30.370428134556573, 40.162632226322266]","[24.6, 21.8, 27.1]"
ga,1,4,20.069288490952825,11.9,25.333333333333332,0.7003996020639364,3.3333333333333335,1.8922222222222222,4.993333333333333,3.1011111111111114,True,0.0,standard,30,10,"[11, 29, 47]","[3.2171794150239053, 1.2710828760623585, 0.8898268833089991, 1.5914705139969003, 1.0768362778694134, 1.2112371505833595]","[21.027317073170735, 18.228690476190476, 20.951857923497272]","[12.3, 11.200000000000001, 12.200000000000001]"
ga,1,5,1081.0870793650795,50.0,42.0,1.4186666666666667,5.0,2.395555555555555,4.5130952380952385,2.117539682539683,False,2.3333333333333335,standard,30,10,"[11, 29, 47]","[2.7985337152145013, 1.0061646792167127, 0.8447956782946318, 1.3553752721770391, 2.125249377602265, 1.1628498103396205]","[1078.5836666666667, 1087.4285714285713, 1077.249]","[50.0, 50.0, 50.0]"
ga,2,0,20.069288490952825,11.9,25.333333333333332,0.7003996020639364,3.3333333333333335,1.8922222222222222,4.993333333333333,3.1011111111111114,True,0.0,standard,30,10,"[11, 29, 47]","[3.2171794150239053, 1.2710828760623585, 0.8898268833089991, 1.5914705139969003, 1.0768362778694134, 1.2112371505833595]","[21.027317073170735, 18.228690476190476, 20.951857923497272]","[12.3, 11.200000000000001, 12.200000000000001]"
ga,2,1,24.40963473239546,13.566666666666668,47.333333333333336,1.5163013990621248,5.0,2.4433333333333334,5.923333333333335,3.4800000000000004,True,0.0,standard,30,10,"[11, 29, 47]","[2.0, 1.0, 0.5, 2.0, 0.5, 1.0]","[26.651666666666664, 21.845464480874316, 24.731773049645394]","[14.4, 12.200000000000001, 14.100000000000001]"
ga,2,2,22.9096723398081,12.300000000000002,39.333333333333336,1.1452278953636543,4.666666666666667,1.8777777777777775,5.626666666666668,3.7488888888888887,True,0.0,standard,30,10,"[11, 29, 47]","[2.972335983381184, 1.1320978893801605, 0.5891547549771748, 1.9437559216830893, 0.7447926682138609, 1.2807276121362772]","[23.743280839895014, 21.854942528735634, 23.130793650793652]","[12.700000000000001, 11.600000000000001, 12.600000000000001]"
ga,2,3,1074.460111111111,50.0,38.666666666666664,1.054,4.0,2.5177777777777783,4.920833333333334,2.4030555555555555,False,1.6666666666666667,standard,30,10,"[11, 29, 47]","[2.244843431642721, 1.0934462856371634, 0.8006721283318241, 1.647714592313811, 1.942148703590485, 1.1792265361926055]","[1076.9083333333333, 1077.4753333333333, 1068.9966666666667]","[50.0, 50.0, 50.0]"
ga,2,4,24.618111111111112,13.966666666666667,46.666666666666664,1.4936666666666667,5.333333333333333,2.531111111111111,5.943333333333334,3.4122222222222227,True,0.0,standard,30,10,"[11, 29, 47]","[1.8746520340343285, 1.0, 0.5, 2.0, 0.5372995389936741, 1.0]","[26.85, 22.186, 24.818333333333335]","[15.0, 12.5, 14.4]"
ga,2,5,35.0078487665573,21.000000000000004,60.0,1.4078487665572972,5.333333333333333,2.4966666666666666,7.296666666666667,4.8,True,0.0,standard,30,10,"[11, 29, 47]","[2.0, 1.0, 0.5, 2.0, 1.3427458430818517, 1.0110759277066403]","[35.666089743589744, 34.44862559241706, 34.908830963665096]","[20.8, 21.1, 21.1]"
default,0,0,24.40963473239546,13.566666666666668,47.333333333333336,1.5163013990621248,5.0,2.4433333333333334,5.923333333333335,3.4800000000000004,True,0.0,standard,30,10,"[11, 29, 47]","[2.0, 1.0, 0.5, 2.0, 0.5, 1.0]","[26.651666666666664, 21.845464480874316, 24.731773049645394]","[14.4, 12.200000000000001, 14.100000000000001]"
heuristic_1,0,0,33.60134088261145,21.8,24.666666666666668,1.3568964381670063,5.333333333333333,3.4077777777777776,8.013333333333334,4.605555555555555,True,0.0,standard,30,10,"[11, 29, 47]","[1.8, 0.9, 1.2, 2.2, 0.7, 1.0]","[32.05428571428571, 31.004384236453205, 37.745352697095434]","[21.0, 20.3, 24.1]"
heuristic_2,0,1,23.720782731764523,14.433333333333332,24.666666666666668,1.1230049539867466,4.333333333333333,2.3911111111111114,5.8566666666666665,3.4655555555555555,True,0.0,standard,30,10,"[11, 29, 47]","[2.4, 1.1, 0.9, 1.6, 0.9, 1.2]","[24.44965517241379, 21.298822055137848, 25.41387096774194]","[14.5, 13.3, 15.5]"
random,0,0,19.20666666666667,12.600000000000001,16.0,0.0,0.0,1.5,4.403333333333333,2.9033333333333338,True,0.0,standard,30,10,"[11, 29, 47]","[3.3279568073944543, 1.8624625369423615, 2.4688478097763036, 2.313525415707673, 2.823696885022744, 1.8508628635418067]","[21.196666666666665, 15.143333333333336, 21.28]","[13.5, 10.700000000000001, 13.600000000000001]"
random,0,1,1101.7425320197044,50.0,28.666666666666668,2.038,6.333333333333333,4.450996168582376,4.966825396825397,0.8022660098522164,False,4.666666666666667,standard,30,10,"[11, 29, 47]","[3.446604801222832, 0.7819127797024589, 1.9002184530853303, 2.9048875831478003, 4.795745929420964, 1.0769551955466]","[1115.0833103448276, 1094.0782857142858, 1096.066]","[50.0, 50.0, 50.0]"
random,0,2,28.895272904483427,19.333333333333332,15.0,0.8052729044834308,4.0,3.19,7.193333333333334,4.003333333333333,True,0.0,standard,30,10,"[11, 29, 47]","[3.8969489312716656, 1.1107325955897949, 4.471042764701724, 2.7528485415603234, 0.8924436123357669, 1.8846701775423649]","[30.185, 24.14730994152047, 32.353508771929825]","[20.0, 17.1, 20.900000000000002]"
random,0,3,1094.8324444444445,50.0,33.0,1.6580000000000001,4.333333333333333,2.465555555555556,3.227777777777778,0.7622222222222224,False,4.0,standard,30,10,"[11, 29, 47]","[3.840457389618836, 1.113328231045459, 1.7665596646617685, 1.0450152040961407, 4.277354905253864, 1.67100246416183]","[1094.0126666666667, 1094.3906666666667, 1096.094]","[50.0, 50.0, 50.0]"
random,0,4,25.320307665811022,15.033333333333333,16.333333333333332,1.645863221366577,5.666666666666667,2.5811111111111114,6.493333333333333,3.9122222222222223,True,0.0,standard,30,10,"[11, 29, 47]","[4.949261376709117, 0.8763561793729966, 1.9655904314174122, 2.1177705013849772, 0.43714253175933215, 1.6532089958043747]","[25.2779418344519, 24.48207207207207, 26.200909090909093]","[14.9, 14.8, 15.4]"
random,0,5,21.719703787026624,12.566666666666668,20.666666666666668,1.2863704536932883,4.333333333333333,2.14,5.5566666666666675,3.4166666666666665,True,0.0,standard,30,10,"[11, 29, 47]","[2.993194371882504, 1.1001422631861602, 1.2112353201020076, 1.0161546114710767, 0.7484008289054546, 1.8091044306556376]","[20.903333333333336, 22.133809523809525, 22.12196850393701]","[12.4, 12.600000000000001, 12.700000000000001]"
random,0,6,26.702498622888946,14.799999999999999,19.333333333333332,2.3691652895556112,6.666666666666667,2.5600000000000005,6.843333333333334,4.283333333333334,True,0.0,standard,30,10,"[11, 29, 47]","[4.660037938223581, 0.7364129485981732, 1.6269327592539968, 1.2963383122126142, 0.7702469247587272, 1.1706729092133665]","[25.647156177156177, 28.128684210526316, 26.33165548098434]","[14.3, 15.200000000000001, 14.9]"
random,0,7,1102.5227301587302,50.0,47.666666666666664,4.520666666666666,7.333333333333333,6.638888888888889,7.0304761904761905,1.1426984126984125,False,4.333333333333333,standard,30,10,"[11, 29, 47]","[2.850612830414764, 0.647369781624171, 4.539661612444846, 0.5196394735175334, 1.608933241541287, 0.8202951692367363]","[1109.1633333333334, 1089.3315238095238, 1109.0733333333333]","[50.0, 50.0, 50.0]"
random,0,8,1151.0607513227512,50.0,17.0,2.5366666666666666,7.0,7.891407407407409,4.05436507936508,3.837042328042329,False,9.0,standard,30,10,"[11, 29, 47]","[2.188038979990134, 0.5466348487509828, 4.663398571356765, 1.9249236827586897, 2.407137050336261, 1.6207940156399858]","[1150.4074074074074, 1121.1241798941799, 1181.6506666666667]","[50.0, 50.0, 50.0]"
random,0,9,20.335555555555555,13.600000000000001,12.666666666666666,0.0,0.0,2.178888888888889,5.23,3.0511111111111107,True,0.0,standard,30,10,"[11, 29, 47]","[4.336652591120656, 1.4996894679161565, 4.124348779091085, 1.9575035644550915, 0.6982862608302215, 1.7499742171595103]","[20.863333333333333, 17.68, 22.463333333333335]","[13.9, 12.700000000000001, 14.200000000000001]"
random,0,10,20.424456369126617,10.966666666666667,38.666666666666664,0.77112303579328,4.666666666666667,1.656666666666667,5.033333333333333,3.376666666666667,True,0.0,standard,30,10,"[11, 29, 47]","[4.051273156299861, 1.2595102504752598, 0.6312124741338969, 2.616515668924486, 0.9335760046048079, 0.7378835885736322]","[21.046666666666667, 19.65685534591195, 20.569847094801226]","[11.4, 10.600000000000001, 10.9]"
random,0,11,23.2,16.3,28.666666666666668,0.0,0.0,2.7899999999999996,5.523333333333333,2.733333333333333,True,0.0,standard,30,10,"[11, 29, 47]","[0.7146140412379189, 1.7205446031701093, 1.2359874170559326, 2.1189307279155023, 2.6287403433959304, 0.8294847161036578]","[26.0, 16.363333333333337, 27.236666666666665]","[17.7, 13.600000000000001, 17.6]"
random,0,12,27.68888888888889,20.433333333333334,14.0,0.0,0.0,3.755555555555556,7.033333333333334,3.277777777777778,True,0.0,standard,30,10,"[11, 29, 47]","[0.5960427702223228, 1.5019053042906725, 2.786840382632618, 2.3285113783728004, 0.14610566346530046, 0.8184147228326842]","[31.643333333333338, 20.67666666666667, 30.74666666666667]","[22.6, 17.400000000000002, 21.3]"
random,0,13,1159.4670727969349,50.0,219.0,4.129333333333333,10.0,4.832758620689656,2.638888888888889,2.1938697318007665,False,9.0,standard,30,10,"[11, 29, 47]","[3.039423032588465, 0.6146551855254057, 0.5224851868878934, 2.8664308675349837, 3.9172254181193567, 1.005461855726112]","[1174.916551724138, 1155.7140952380953, 1147.7705714285714]","[50.0, 50.0, 50.0]"
random,0,14,1101.6839047619048,50.0,22.666666666666668,1.8053333333333335,7.0,3.6400000000000006,3.382619047619048,1.0392857142857144,False,4.666666666666667,standard,30,10,"[11, 29, 47]","[3.3008130002667806, 0.6538256057320594, 1.4247261140957028, 2.6092586841526235, 1.9026120570783929, 1.9615693881238667]","[1103.8273333333334, 1085.2277142857142, 1115.9966666666667]","[50.0, 50.0, 50.0]"
random,0,15,1091.0695599343187,50.0,72.33333333333333,0.128,2.0,3.2648275862068967,2.9357142857142855,0.32911330049261084,False,3.6666666666666665,standard,30,10,"[11, 29, 47]","[0.7303348702756762, 1.3574581344644843, 0.4476528581577266, 2.9955283128626276, 2.4837578312164057, 1.5064743925007762]","[1083.6264761904763, 1094.903536945813, 1094.6786666666667]","[50.0, 50.0, 50.0]"
random,0,16,1064.9377777777777,50.0,18.0,0.0,0.0,2.214444444444444,4.233333333333334,2.0188888888888887,False,1.0,standard,30,10,"[11, 29, 47]","[2.7831078880241793, 1.5198036035468405, 2.7035236634464423, 0.9518266523046893, 2.759619980969481, 1.6093845768193016]","[1066.4666666666667, 1062.3533333333332, 1065.9933333333333]","[50.0, 50.0, 50.0]"
random,0,17,1090.429671957672,50.0,22.0,1.2286666666666666,5.333333333333333,4.202619047619048,4.904232804232804,0.717169312169312,False,3.6666666666666665,standard,30,10,"[11, 29, 47]","[2.5015181158853417, 0.8910739232412106, 3.980841989138474, 2.6622754644154547, 4.355444179196521, 1.1658115033988632]","[1094.4622857142856, 1084.9120634920635, 1091.9146666666666]","[50.0, 50.0, 50.0]"
ga,0,0,24.40963473239546,13.566666666666668,47.333333333333336,1.5163013990621248,5.0,2.4433333333333334,5.923333333333335,3.4800000000000004,True,0.0,standard,30,10,"[11, 29, 47]","[2.0, 1.0, 0.5, 2.0, 0.5, 1.0]","[26.651666666666664, 21.845464480874316, 24.731773049645394]","[14.4, 12.200000000000001, 14.100000000000001]"
ga,0,1,1091.8435873015871,50.0,26.666666666666668,2.6286666666666667,8.333333333333334,2.9600000000000004,5.234126984126984,2.2741269841269838,False,3.3333333333333335,standard,30,10,"[11, 29, 47]","[3.4435241299159034, 0.5807315282033341, 1.179763376585796, 0.9609295267466742, 0.9619389153166488, 1.7181417599836606]","[1087.4867619047618, 1092.5406666666668, 1095.5033333333333]","[50.0, 50.0, 50.0]"
ga,0,2,35.07064287584782,22.633333333333336,20.666666666666668,1.212865098070034,5.0,3.4277777777777776,8.523333333333333,5.095555555555555,True,0.0,standard,30,10,"[11, 29, 47]","[4.624390490332576, 0.9148615966956594, 4.11679735180571, 2.7247317327779648, 2.6135552306247063, 0.8674469016031947]","[36.05312775330397, 31.06299840510367, 38.095802469135805]","[22.700000000000003, 20.900000000000002, 24.3]"
ga,0,3,1065.6965162241888,40.86666666666667,22.333333333333332,1.4215162241887906,6.0,3.8766666666666665,8.355833333333335,4.479166666666667,False,1.3333333333333333,standard,30,10,"[11, 29, 47]","[4.1387838208773156, 0.8206444450626432, 3.7331885559500777, 2.074850511474202, 4.644295566773319, 0.8478622829096283]","[1077.439, 31.079882005899705, 1088.5706666666667]","[50.0, 22.6, 50.0]"
ga,0,4,24.42208161767019,14.200000000000001,32.333333333333336,0.8209705065590781,3.6666666666666665,1.7611111111111113,5.653333333333333,3.8922222222222227,True,0.0,standard,30,10,"[11, 29, 47]","[4.015713130238407, 1.2772475552790712, 1.2346225616036308, 0.9147599831018614, 2.53916594563919, 1.37408696092298]","[23.38756690997567, 23.264356955380578, 26.61432098765432]","[13.700000000000001, 12.700000000000001, 16.2]"
ga,0,5,1391.855761904762,50.0,26.666666666666668,5.342666666666666,8.333333333333334,2.054365079365079,1.3250000000000002,0.9232142857142858,False,33.333333333333336,standard,30,10,"[11, 29, 47]","[1.0032561383995509, 0.5223423751403484, 2.408552821563258, 2.3206083204581542, 4.601142409690362, 1.438301008603196]","[1379.450857142857, 1496.542, 1397.728]","[50.0, 50.0, 50.0]"
ga,1,0,24.40963473239546,13.566666666666668,47.333333333333336,1.5163013990621248,5.0,2.4433333333333334,5.923333333333335,3.4800000000000004,True,0.0,standard,30,10,"[11, 29, 47]","[2.0, 1.0, 0.5, 2.0, 0.5, 1.0]","[26.651666666666664, 21.845464480874316, 24.731773049645394]","[14.4, 12.200000000000001, 14.100000000000001]"
ga,1,1,24.42208161767019,14.200000000000001,32.333333333333336,0.8209705065590781,3.6666666666666665,1.7611111111111113,5.653333333333333,3.8922222222222227,True,0.0,standard,30,10,"[11, 29, 47]","[4.015713130238407, 1.2772475552790712, 1.2346225616036308, 0.9147599831018614, 2.53916594563919, 1.37408696092298]","[23.38756690997567, 23.264356955380578, 26.61432098765432]","[13.700000000000001, 12.700000000000001, 16.2]"
ga,1,2,25.22096208169971,14.533333333333333,21.666666666666668,1.5798509705886,5.666666666666667,2.354444444444445,6.366666666666667,4.012222222222223,True,0.0,standard,30,10,"[11, 29, 47]","[4.091753521355571, 0.9263364048642375, 1.2698667387600495, 2.283767892163701, 0.6510913140595375, 0.9226899416304505]","[26.215525114155255, 23.89085106382979, 25.556510067114097]","[14.600000000000001, 14.100000000000001, 14.9]"
ga,1,3,35.88245643465609,24.5,17.666666666666668,0.9324564346560896,5.0,3.7566666666666664,8.540000000000001,4.783333333333334,True,0.0,standard,30,10,"[11, 29, 47]","[2.546381417813968, 0.9968270711243282, 3.0337911638338797, 2.3427676099717782, 2.4624639165651687, 0.9447569599727441]","[37.11430894308943, 30.370428134556573, 40.162632226322266]","[24.6, 21.8, 27.1]"
ga,1,4,20.069288490952825,11.9,25.333333333333332,0.7003996020639364,3.3333333333333335,1.8922222222222222,4.993333333333333,3.1011111111111114,True,0.0,standard,30,10,"[11, 29, 47]","[3.2171794150239053, 1.2710828760623585, 0.8898268833089991, 1.5914705139969003, 1.0768362778694134, 1.2112371505833595]","[21.027317073170735, 18.228690476190476, 20.951857923497272]","[12.3, 11.200000000000001, 12.200000000000001]"
ga,1,5,1081.0870793650795,50.0,42.0,1.4186666666666667,5.0,2.395555555555555,4.5130952380952385,2.117539682539683,False,2.3333333333333335,standard,30,10,"[11, 29, 47]","[2.7985337152145013, 1.0061646792167127, 0.8447956782946318, 1.3553752721770391, 2.125249377602265, 1.1628498103396205]","[1078.5836666666667, 1087.4285714285713, 1077.249]","[50.0, 50.0, 50.0]"
ga,2,0,20.069288490952825,11.9,25.333333333333332,0.7003996020639364,3.3333333333333335,1.8922222222222222,4.993333333333333,3.1011111111111114,True,0.0,standard,30,10,"[11, 29, 47]","[3.2171794150239053, 1.2710828760623585, 0.8898268833089991, 1.5914705139969003, 1.0768362778694134, 1.2112371505833595]","[21.027317073170735, 18.228690476190476, 20.951857923497272]","[12.3, 11.200000000000001, 12.200000000000001]"
ga,2,1,24.40963473239546,13.566666666666668,47.333333333333336,1.5163013990621248,5.0,2.4433333333333334,5.923333333333335,3.4800000000000004,True,0.0,standard,30,10,"[11, 29, 47]","[2.0, 1.0, 0.5, 2.0, 0.5, 1.0]","[26.651666666666664, 21.845464480874316, 24.731773049645394]","[14.4, 12.200000000000001, 14.100000000000001]"
ga,2,2,22.9096723398081,12.300000000000002,39.333333333333336,1.1452278953636543,4.666666666666667,1.8777777777777775,5.626666666666668,3.7488888888888887,True,0.0,standard,30,10,"[11, 29, 47]","[2.972335983381184, 1.1320978893801605, 0.5891547549771748, 1.9437559216830893, 0.7447926682138609, 1.2807276121362772]","[23.743280839895014, 21.854942528735634, 23.130793650793652]","[12.700000000000001, 11.600000000000001, 12.600000000000001]"
ga,2,3,1074.460111111111,50.0,38.666666666666664,1.054,4.0,2.5177777777777783,4.920833333333334,2.4030555555555555,False,1.6666666666666667,standard,30,10,"[11, 29, 47]","[2.244843431642721, 1.0934462856371634, 0.8006721283318241, 1.647714592313811, 1.942148703590485, 1.1792265361926055]","[1076.9083333333333, 1077.4753333333333, 1068.9966666666667]","[50.0, 50.0, 50.0]"
ga,2,4,24.618111111111112,13.966666666666667,46.666666666666664,1.4936666666666667,5.333333333333333,2.531111111111111,5.943333333333334,3.4122222222222227,True,0.0,standard,30,10,"[11, 29, 47]","[1.8746520340343285, 1.0, 0.5, 2.0, 0.5372995389936741, 1.0]","[26.85, 22.186, 24.818333333333335]","[15.0, 12.5, 14.4]"
ga,2,5,35.0078487665573,21.000000000000004,60.0,1.4078487665572972,5.333333333333333,2.4966666666666666,7.296666666666667,4.8,True,0.0,standard,30,10,"[11, 29, 47]","[2.0, 1.0, 0.5, 2.0, 1.3427458430818517, 1.0110759277066403]","[35.666089743589744, 34.44862559241706, 34.908830963665096]","[20.8, 21.1, 21.1]"
