run,run_name,ga_seed,generation,best_fitness
1,run_01,101,0,112.21422349512156
1,run_01,101,1,70.7280946842582
1,run_01,101,2,70.7280946842582
1,run_01,101,3,64.03986423171659
1,run_01,101,4,64.03986423171659
1,run_01,101,5,62.75893715630974
1,run_01,101,6,62.75893715630974
1,run_01,101,7,62.75893715630974
1,run_01,101,8,59.73325145766242
1,run_01,101,9,58.62578623556685
1,run_01,101,10,58.62578623556685
1,run_01,101,11,55.9620555406629
1,run_01,101,12,55.9620555406629
1,run_01,101,13,55.9620555406629
1,run_01,101,14,55.9620555406629
1,run_01,101,15,55.9620555406629
1,run_01,101,16,55.9620555406629
1,run_01,101,17,54.94018672515752
1,run_01,101,18,54.94018672515752
1,run_01,101,19,54.94018672515752
1,run_01,101,20,54.94018672515752
1,run_01,101,21,54.44357919269356
1,run_01,101,22,54.44357919269356
1,run_01,101,23,54.44357919269356
1,run_01,101,24,54.44357919269356
2,run_02,202,0,57.85016856745522
2,run_02,202,1,57.85016856745522
2,run_02,202,2,55.74504022934619
2,run_02,202,3,55.74504022934619
2,run_02,202,4,55.266229222303686
2,run_02,202,5,55.266229222303686
2,run_02,202,6,55.03493587354368
2,run_02,202,7,53.04980913989433
2,run_02,202,8,53.04980913989433
2,run_02,202,9,53.04980913989433
2,run_02,202,10,53.04980913989433
2,run_02,202,11,53.04980913989433
2,run_02,202,12,53.04980913989433
2,run_02,202,13,53.04980913989433
2,run_02,202,14,53.04980913989433
2,run_02,202,15,52.86482195090889
2,run_02,202,16,52.86482195090889
2,run_02,202,17,52.86482195090889
2,run_02,202,18,52.86482195090889
2,run_02,202,19,52.86482195090889
2,run_02,202,20,52.86482195090889
2,run_02,202,21,52.86482195090889
2,run_02,202,22,52.86482195090889
2,run_02,202,23,52.86482195090889
2,run_02,202,24,52.86482195090889
3,run_03,303,0,170.03210618535587
3,run_03,303,1,79.91250867758447
3,run_03,303,2,74.66719793460231
3,run_03,303,3,73.63012701205844
3,run_03,303,4,65.12312711558943
3,run_03,303,5,62.562730000643185
3,run_03,303,6,59.62709740950356
3,run_03,303,7,55.51678102039974
3,run_03,303,8,55.51678102039974
3,run_03,303,9,55.51678102039974
3,run_03,303,10,55.51678102039974
3,run_03,303,11,55.51678102039974
3,run_03,303,12,55.51678102039974
3,run_03,303,13,55.51678102039974
3,run_03,303,14,55.51678102039974
3,run_03,303,15,55.51678102039974
3,run_03,303,16,55.208872278527664
3,run_03,303,17,55.208872278527664
3,run_03,303,18,55.208872278527664
3,run_03,303,19,55.208872278527664
3,run_03,303,20,54.608350333008126
3,run_03,303,21,52.90911882343038
3,run_03,303,22,52.90911882343038
3,run_03,303,23,52.90911882343038
3,run_03,303,24,52.90911882343038
4,run_04,404,0,70.07515033733674
4,run_04,404,1,56.2293368569401
4,run_04,404,2,56.2293368569401
4,run_04,404,3,56.2293368569401
4,run_04,404,4,56.2293368569401
4,run_04,404,5,56.2293368569401
4,run_04,404,6,55.2382141202181
4,run_04,404,7,55.2382141202181
4,run_04,404,8,55.2382141202181
4,run_04,404,9,53.96132159645699
4,run_04,404,10,53.96132159645699
4,run_04,404,11,53.96132159645699
4,run_04,404,12,53.96132159645699
4,run_04,404,13,53.96132159645699
4,run_04,404,14,53.96132159645699
4,run_04,404,15,53.96132159645699
4,run_04,404,16,53.96132159645699
4,run_04,404,17,53.96132159645699
4,run_04,404,18,53.96132159645699
4,run_04,404,19,53.96132159645699
4,run_04,404,20,53.474048985339216
4,run_04,404,21,53.474048985339216
4,run_04,404,22,53.474048985339216
4,run_04,404,23,52.4417029563639
4,run_04,404,24,52.4417029563639
5,run_05,505,0,59.83985204476008
5,run_05,505,1,55.18674778626337
5,run_05,505,2,55.18674778626337
5,run_05,505,3,54.02029129401163
5,run_05,505,4,54.02029129401163
5,run_05,505,5,54.02029129401163
5,run_05,505,6,54.02029129401163
5,run_05,505,7,54.02029129401163
5,run_05,505,8,54.02029129401163
5,run_05,505,9,54.02029129401163
5,run_05,505,10,54.02029129401163
5,run_05,505,11,54.02029129401163
5,run_05,505,12,52.889187591404415
5,run_05,505,13,52.889187591404415
5,run_05,505,14,52.889187591404415
5,run_05,505,15,52.889187591404415
5,run_05,505,16,52.889187591404415
5,run_05,505,17,52.889187591404415
5,run_05,505,18,52.889187591404415
5,run_05,505,19,52.889187591404415
5,run_05,505,20,52.889187591404415
5,run_05,505,21,52.889187591404415
5,run_05,505,22,52.889187591404415
5,run_05,505,23,52.889187591404415
5,run_05,505,24,52.889187591404415
6,run_06,606,0,161.0367279309374
6,run_06,606,1,58.19809353119153
6,run_06,606,2,56.25599200385956
6,run_06,606,3,55.570759826018275
6,run_06,606,4,55.570759826018275
6,run_06,606,5,55.570759826018275
6,run_06,606,6,54.61074660413814
6,run_06,606,7,54.61074660413814
6,run_06,606,8,54.49909155086898
6,run_06,606,9,53.586922507965284
6,run_06,606,10,53.586922507965284
6,run_06,606,11,53.550292557309724
6,run_06,606,12,53.550292557309724
6,run_06,606,13,53.550292557309724
6,run_06,606,14,53.250058420575854
6,run_06,606,15,53.250058420575854
6,run_06,606,16,53.250058420575854
6,run_06,606,17,53.250058420575854
6,run_06,606,18,53.250058420575854
6,run_06,606,19,53.250058420575854
6,run_06,606,20,53.250058420575854
6,run_06,606,21,53.250058420575854
6,run_06,606,22,53.250058420575854
6,run_06,606,23,52.279248192708664
6,run_06,606,24,52.279248192708664
7,run_07,707,0,72.13880225053722
7,run_07,707,1,65.18037290289634
7,run_07,707,2,65.18037290289634
7,run_07,707,3,65.18037290289634
7,run_07,707,4,65.18037290289634
7,run_07,707,5,61.386478675766966
7,run_07,707,6,61.28199332681499
7,run_07,707,7,59.025496039406875
7,run_07,707,8,57.964330256809404
7,run_07,707,9,56.62078860151805
7,run_07,707,10,56.62078860151805
7,run_07,707,11,56.62078860151805
7,run_07,707,12,56.62078860151805
7,run_07,707,13,56.62078860151805
7,run_07,707,14,56.62078860151805
7,run_07,707,15,56.03891044990701
7,run_07,707,16,53.805954758645825
7,run_07,707,17,53.805954758645825
7,run_07,707,18,53.805954758645825
7,run_07,707,19,53.805954758645825
7,run_07,707,20,53.805954758645825
7,run_07,707,21,53.805954758645825
7,run_07,707,22,53.805954758645825
7,run_07,707,23,53.805954758645825
7,run_07,707,24,53.805954758645825
8,run_08,808,0,99.46186093303825
8,run_08,808,1,64.15965061742125
8,run_08,808,2,64.15965061742125
8,run_08,808,3,64.15965061742125
8,run_08,808,4,64.15965061742125
8,run_08,808,5,64.05600637818169
8,run_08,808,6,62.69897643021369
8,run_08,808,7,57.56405931557718
8,run_08,808,8,57.56405931557718
8,run_08,808,9,56.144833437224406
8,run_08,808,10,56.144833437224406
8,run_08,808,11,53.67683984543606
8,run_08,808,12,53.67683984543606
8,run_08,808,13,53.67683984543606
8,run_08,808,14,52.69098801494634
8,run_08,808,15,52.69098801494634
8,run_08,808,16,52.69098801494634
8,run_08,808,17,52.69098801494634
8,run_08,808,18,52.69098801494634
8,run_08,808,19,52.69098801494634
8,run_08,808,20,52.69098801494634
8,run_08,808,21,52.69098801494634
8,run_08,808,22,52.69098801494634
8,run_08,808,23,52.69098801494634
8,run_08,808,24,52.69098801494634
9,run_09,909,0,142.82459856377437
9,run_09,909,1,116.63532669485161
9,run_09,909,2,100.90388581518907
9,run_09,909,3,100.90388581518907
9,run_09,909,4,96.52907162716275
9,run_09,909,5,96.52907162716275
9,run_09,909,6,96.52907162716275
9,run_09,909,7,96.31157804669368
9,run_09,909,8,96.31157804669368
9,run_09,909,9,96.21601302578733
9,run_09,909,10,96.21197045089858
9,run_09,909,11,95.34743554934947
9,run_09,909,12,94.2635461502227
9,run_09,909,13,94.2635461502227
9,run_09,909,14,93.36377203360234
9,run_09,909,15,92.9458582092941
9,run_09,909,16,92.19468878507945
9,run_09,909,17,92.12953933065762
9,run_09,909,18,91.86268317656783
9,run_09,909,19,91.25515476342446
9,run_09,909,20,91.25515476342446
9,run_09,909,21,91.25515476342446
9,run_09,909,22,91.06569648869856
9,run_09,909,23,91.06569648869856
9,run_09,909,24,91.06569648869856
10,run_10,1001,0,82.47603523363966
10,run_10,1001,1,67.56045494193756
10,run_10,1001,2,60.8588700923508
10,run_10,1001,3,58.64211633258825
10,run_10,1001,4,58.64211633258825
10,run_10,1001,5,56.28272542458707
10,run_10,1001,6,56.28272542458707
10,run_10,1001,7,56.28272542458707
10,run_10,1001,8,56.156211556292895
10,run_10,1001,9,56.07804375969276
10,run_10,1001,10,55.284262205567714
10,run_10,1001,11,55.183188718850616
10,run_10,1001,12,54.819438157925696
10,run_10,1001,13,54.819438157925696
10,run_10,1001,14,54.819438157925696
10,run_10,1001,15,54.819438157925696
10,run_10,1001,16,54.819438157925696
10,run_10,1001,17,54.819438157925696
10,run_10,1001,18,54.63652783296213
10,run_10,1001,19,54.20324779900001
10,run_10,1001,20,54.20324779900001
10,run_10,1001,21,54.20324779900001
10,run_10,1001,22,54.20324779900001
10,run_10,1001,23,54.20324779900001
10,run_10,1001,24,54.20324779900001
